id,en,zh_CN
TITLE_MAIN,"Project: Phagocyte","《噬血者：微观免疫》"
SUBTITLE_MAIN,"Microscopic Immune Survivor • Ingestion, Differentiation & Cytokine Storm","微观免疫动作肉鸽 • 吞噬、分化与生化风暴"
BTN_START,"🩸 Begin Immune Action","🩸 开始免疫行动"
BTN_CODEX,"🔬 Microscopic Codex","🔬 微观档案馆 (Codex)"
BTN_QUIT,"Exit Game","退出游戏"
BTN_CLOSE,"Close Codex","关闭档案"
LANG_SWITCH_LABEL,"🌐 简体中文","🌐 English"
HEADER_SELECT_CLASS,"Select Your Immune Defense Cell","选择你的免疫防御细胞"
STATUS_UNLOCKED,"Status: Unlocked (READY)","状态：已解锁 (READY)"
STATUS_LOCKED,"Status: Under Specialization (Coming Soon)","状态：研发特化中 (敬请期待)"
BTN_CONFIRM_CLASS,"Next: Select Battlefield","下一步：选择病理战场"
BTN_CONFIRM_CLASS_LOCKED,"Not Yet Unlocked","尚未解锁"
BTN_BACK_TITLE,"Back to Title","返回主标题"
LABEL_ROLE,"Role: ","定位："
LABEL_TRAIT,"Deformation Trait: ","变形特性："
LABEL_PASSIVE,"Inherent Passive: ","固有被动："
LABEL_BURST,"Ultimate Burst: ","终极技能："
CLASS_MACROPHAGE_NAME,"Macrophage","巨噬细胞 (Macrophage)"
CLASS_MACROPHAGE_ROLE,"Melee Heavy Tank / Phagocytosis","近战重装 / 吞噬"
CLASS_MACROPHAGE_TRAIT,"Extreme vertex displacement range, fast pseudopod extension speed.","顶点位移幅度极大，伪足延伸速度快。"
CLASS_MACROPHAGE_PASSIVE,"Macrophage Instinct: Engulfment range +40%; restores 0.5% max HP per digested pathogen.","巨噬本能：吞噬范围 +40%；每消化一只病原体恢复 0.5% 最大生命值。"
CLASS_MACROPHAGE_BURST,"Respiratory Burst: At full satiety, move speed +150% and radiates an acidic aura for 6s.","呼吸爆发：饱食度满时移速 +150%，释放高压酸性腐蚀力场 6 秒。"
CLASS_CTL_NAME,"Killer T-Cell (CTL)","杀手 T 细胞 (CTL)"
CLASS_CTL_ROLE,"High-Speed Assassin / Perforation","高速刺客 / 穿透"
CLASS_CTL_TRAIT,"Compact ellipsoid shape, high deformation frequency with small displacement.","体积小，呈紧凑椭球状，变形频率高但位移小。"
CLASS_CTL_PASSIVE,"Perforation Execution: Dash penetrates core, dealing 400% apoptosis damage to marked targets.","穿孔处决：冲刺贯穿核心，对标记病原体造成 400% 凋亡伤害。"
CLASS_CTL_BURST,"Granzyme Overload: Releases perforin surge, instantly lysing targeted pathogens across the screen.","颗粒酶过载：释放大量穿孔素，全屏特定标记靶标瞬间裂解。"
CLASS_NEUTROPHIL_NAME,"Neutrophil","嗜中性球 (Neutrophil)"
CLASS_NEUTROPHIL_ROLE,"Kamikaze Demolition / Holdout","敢死爆破 / 阵地战"
CLASS_NEUTROPHIL_TRAIT,"Highly unstable outer membrane, prone to fragmentation.","边界极不稳定，易破碎。"
CLASS_NEUTROPHIL_PASSIVE,"NETosis Self-Destruction: Fatal damage triggers full-screen DNA acidic web for 8s.","NETosis 自毁：致命伤害时化为全屏幕覆盖的 DNA 酸性黏网持续 8 秒。"
CLASS_NEUTROPHIL_BURST,"Degranulation Storm: Explodes active enzyme barrages radially to clear dense swarms.","脱颗粒风暴：向四周爆发活性酵素弹幕，清理密集敌群。"
CLASS_B_CELL_NAME,"B-Lymphocyte (B-Cell)","B 淋巴细胞 (B-Cell)"
CLASS_B_CELL_ROLE,"Ranged Launch / Guidance","远程发射 / 导引"
CLASS_B_CELL_TRAIT,"Medium size, gentle deformation, membrane covered in receptor protrusions.","体积中等，变形平缓，体表布满受体凸起。"
CLASS_B_CELL_PASSIVE,"Plasma Cell Transformation: While stationary, antibody firing rate ramps by +20%/s (up to +300%).","浆细胞转化：静止时无法吞噬，但抗体射击频率每秒 +20%（最高叠加至 300%）。"
CLASS_B_CELL_BURST,"Hyper-Antibody Barrage: Launches continuous waves of guided immunoglobulin projectiles.","高频抗体雨：连续发射大批特异性免疫球蛋白引导弹。"
CLASS_DENDRITIC_NAME,"Dendritic Cell","树突状细胞 (Dendritic)"
CLASS_DENDRITIC_ROLE,"Tactical Commander / Summoner","战术指挥 / 召唤"
CLASS_DENDRITIC_TRAIT,"Possesses extensive multidirectional star-shaped dendritic projections.","具备多方向超长星状突起（树突）。"
CLASS_DENDRITIC_PASSIVE,"Signal Amplification: Sampling rate +100%; periodically summons patrol lymphocytes from nearby vessels.","信号放大：采样速度 +100%；周期性召唤周边巡逻淋巴球群协同作战。"
CLASS_DENDRITIC_BURST,"Chemotactic Mobilization: Calls a massive wave of capillary effector cells for an all-out assault.","淋巴趋化募集：召集大量微血管效应细胞发动协同总攻。"
HEADER_SELECT_MAP,"Select Pathological Stage","选择病理战场"
BTN_DEPLOY,"🚀 Deploy into Battle","🚀 开始出击"
BTN_BACK_CLASS,"Back to Cell Selection","返回选择细胞"
LABEL_ENV,"Environment: ","环境："
LABEL_MECH,"Pathology Mechanic: ","病理机制："
LABEL_THREAT,"Threat Pathogen: ","威胁病原体："
MAP_WOUND_NAME,"Acute Wound","表皮裂口 (Acute Wound)"
MAP_WOUND_ENV,"Capillary rupture, tissue fluid extravasation zone.","微血管破裂，体液渗出区。"
MAP_WOUND_MECH,"Capillary tear generates periodic outward fluid suction drift; fibrin mesh hinders normal motion.","微血管破裂，周期性产生指向伤口外缘的强大组织液吸力；地面微血管网造成流体阻力。"
MAP_WOUND_THREAT,"Staphylococcus aureus (Staph) clustering swarms","金黄色葡萄球菌 (Staph) 抱团侵袭"
MAP_ALVEOLAR_NAME,"Alveolar Space","肺泡腔室 (Alveolar Space)"
MAP_ALVEOLAR_ENV,"Gas-liquid interface, pulmonary alveolar epithelial lumen.","气体交换界面，肺泡上皮微腔。"
MAP_ALVEOLAR_MECH,"Periodic respiratory breathing currents exert massive fluid thrust; anchor pseudopods to epithelial walls.","周期性呼吸气流带来大范围流体推力；需利用伪足锚定上皮细胞壁以防失控。"
MAP_ALVEOLAR_THREAT,"Spike-protein coated Coronaviruses causing adhesion slowdown","冠状病毒 (S-Virus) 刺突减速"
CODEX_TITLE,"🔬 Immunology Codex","🔬 微观档案馆 (Immunology Codex)"
CODEX_CONTENT,"Welcome to the Human Immune Defense Codex:&#10;&#10;• Macrophage: Innate immune sentinel capable of amoeboid phagocytosis to engulf invaders and degrade them inside lysosomes.&#10;• Respiratory Burst: Phagocytic activation of NADPH oxidase produces high concentrations of Reactive Oxygen Species (ROS) to sterilize pathogens.&#10;• Staph aureus: Common skin commensal that clumps into grape-like clusters upon entering wounds to resist phagocyte detection.&#10;&#10;More Cryo-EM structural models and pathogen databases coming soon!","欢迎查阅人体防御系统微观档案：&#10;&#10;• 巨噬细胞 (Macrophage)：先天免疫核心，能以阿米巴伪足吞噬入侵病原体，并透过溶酶体进行降解。&#10;• 呼吸爆发 (Respiratory Burst)：白血球吞噬大量抗原后激活 NADPH 氧化酶，产生大量活性氧 (ROS) 杀灭病原。&#10;• 金黄色葡萄球菌 (Staph)：常驻于表皮，破裂创口入侵后易抱团形成葡萄状簇抵御免疫识别。&#10;&#10;更多冷冻电镜 (Cryo-EM) 结构与病原体数据库即将陆续上线！"
HUD_TITLE,"Macrophage - Status","巨噬细胞 (Macrophage) - 状态"
HUD_BATTLEFIELD,"Battlefield: ","战场："
HUD_HP,"Health (HP): %d / %d","生命值 (HP): %d / %d"
HUD_ATP,"Satiety (ATP): %d%%","饱食能量 (ATP): %d%%"
HUD_SIZE,"Cell Radius Expansion: %.1fx","细胞半径扩展: %.1fx"
HUD_DIGESTED,"Pathogens Engulfed: %d","已吞噬病原体: %d"
HUD_BURST_ALERT,"⚡ RESPIRATORY BURST (%.1fs LEFT) ⚡&#10;Move Speed +150%% | Acidic Corrosive Aura Active","⚡ 呼吸爆发 (Respiratory Burst) 剩余 %.1fs ⚡&#10;移速 +150%% | 酸性腐蚀力场生效中"
HUD_GUIDE,"🎮 Controls Guide:&#10;• [W][A][S][D] / Arrows: Smooth amoeboid movement&#10;• [ESC]: Pause Game / Return to Menu&#10;• Touch pathogens with pseudopods to engulf (restores 0.5% HP)&#10;• Reaching 100% ATP triggers Respiratory Burst","🎮 操作指南：&#10;• [W][A][S][D] / 方向键：平滑游动走位&#10;• [ESC]：暂停游戏 / 返回主菜单&#10;• 伪足边界接触病原体即可吞噬 (恢复 0.5% 生命)&#10;• 饱食度满触发「呼吸爆发」高压酸性力场"
PAUSE_TITLE,"⏸ Combat Paused","⏸ 免疫战斗暂停"
PAUSE_RESUME,"▶ Resume Combat","▶ 继续战斗"
PAUSE_RESTART,"🔄 Restart","🔄 重新开始"
PAUSE_MENU,"🏠 Return to Menu","🏠 返回主菜单"
SKILL_BAR_TITLE,"Bio-Skills (6 Slots)","生化技能槽 (6 Slots)"
SKILL_DEFORM_NAME,"Amoeboid Pseudopods","阿米巴伪足变形"
SKILL_DEFORM_DESC,"Exclusive Innate: Organic deformation with dynamic collision box, engulfs pathogens.","专属固有：有机物理变形与即时碰撞箱，接触包裹吞噬病原体。"
SKILL_ROS_NAME,"ROS Torrent","活性氧射流 (ROS Torrent)"
SKILL_ROS_DESC,"Periodically sprays high-pressure peroxide jets to dissolve pathogens in a line.","周期性向敌群喷射高压双氧水射流，穿透腐蚀一整列病原体。"
SKILL_EMPTY,"Empty","空槽位"
SKILL_INNATE_TAG,"INNATE","固有"
SKILL_LV,"Lv.%d","Lv.%d"
